"gamma","state_code","n","pairs","pres","cohesion","cap6","pct_ceil","eq_min","n_tiny","disp_km"
0,"01",11,21,18,85.7142857142857,21,85.7142857142857,0.997401328728835,0,10.2838677064538
0.15,"01",11,21,18,85.7142857142857,21,85.7142857142857,0.83734133199383,0,8.67500928004233
0.3,"01",11,21,18,85.7142857142857,21,85.7142857142857,0.692520888443962,0,7.03651627252238
0.45,"01",11,21,18,85.7142857142857,21,85.7142857142857,0.567319694674505,0,5.4355985578608
0.6,"01",11,21,18,85.7142857142857,21,85.7142857142857,0.460292253919975,0,3.91060669997354
0.8,"01",11,21,18,85.7142857142857,21,85.7142857142857,0.448576129478207,0,2.58720704320349
1,"01",11,21,18,85.7142857142857,21,85.7142857142857,0.448418355220469,0,1.9229334089403
0,"02",6,8,6,75,8,75,0.990455959820063,0,144.681958551205
0.15,"02",6,8,6,75,8,75,0.68547646161475,0,113.580645675579
0.3,"02",6,8,6,75,8,75,0.453345136809224,0,84.5010509839123
0.45,"02",6,8,6,75,8,75,0.445140236146196,0,67.4883652579633
0.6,"02",6,8,6,75,8,75,0.444708541559806,0,58.5672877167322
0.8,"02",6,8,6,75,8,75,0.442691819537657,0,57.081740011655
1,"02",6,8,6,75,8,75,0.442875023533932,0,55.798613398681
0,"03",5,5,5,100,5,100,0.985904136713159,0,102.447638331673
0.15,"03",5,5,5,100,5,100,0.855293773920325,0,87.3600216389698
0.3,"03",5,5,5,100,5,100,0.705649460603842,0,72.6171247008727
0.45,"03",5,5,5,100,5,100,0.580467437917936,0,57.8364458753536
0.6,"03",5,5,5,100,5,100,0.468766021251121,0,43.3992375085999
0.8,"03",5,5,5,100,5,100,0.446262602306076,0,34.442370281856
1,"03",5,5,5,100,5,100,0.446674968588526,0,26.3360600553675
0,"04",12,21,18,85.7142857142857,21,85.7142857142857,0.987660738803777,0,43.4963200824776
0.15,"04",12,21,20,95.2380952380952,21,95.2380952380952,0.688853135609236,0,36.7653817352715
0.3,"04",12,21,20,95.2380952380952,21,95.2380952380952,0.46953900697777,0,29.9592600020309
0.45,"04",12,21,20,95.2380952380952,21,95.2380952380952,0.449786385141662,0,23.654604210582
0.6,"04",12,21,20,95.2380952380952,21,95.2380952380952,0.446002763516907,0,18.0588718868008
0.8,"04",12,21,20,95.2380952380952,21,95.2380952380952,0.445117370124715,0,15.0756748395482
1,"04",12,21,20,95.2380952380952,21,95.2380952380952,0.443902453609345,0,13.811096092399
0,"05",38,90,70,77.7777777777778,86,81.3953488372093,0.98491943849074,0,56.837176380502
0.15,"05",38,90,74,82.2222222222222,86,86.046511627907,0.709916959445125,0,50.3114418474731
0.3,"05",38,90,74,82.2222222222222,86,86.046511627907,0.493892555723567,0,42.8854382069678
0.45,"05",38,90,76,84.4444444444444,86,88.3720930232558,0.448077201650569,0,36.5875832684852
0.6,"05",38,90,75,83.3333333333333,86,87.2093023255814,0.450476827394624,0,31.0064388562666
0.8,"05",38,90,76,84.4444444444444,86,88.3720930232558,0.460366847257982,0,25.8866701739514
1,"05",38,90,76,84.4444444444444,86,88.3720930232558,0.478289889564932,0,22.7744580713434
0,"06",10,19,17,89.4736842105263,19,89.4736842105263,0.996356012036909,0,7.9168228575388
0.15,"06",10,19,18,94.7368421052632,19,94.7368421052632,0.911793375670177,0,6.9199051009922
0.3,"06",10,19,18,94.7368421052632,19,94.7368421052632,0.827603027748796,0,5.88166112614591
0.45,"06",10,19,18,94.7368421052632,19,94.7368421052632,0.747365713570927,0,4.81669481344526
0.6,"06",10,19,17,89.4736842105263,19,89.4736842105263,0.671259799879827,0,3.74676791472451
0.8,"06",10,19,17,89.4736842105263,19,89.4736842105263,0.576604380379927,0,2.41847656381455
1,"06",10,19,18,94.7368421052632,19,94.7368421052632,0.502657025689935,0,1.94513147164279
0,"07",124,320,242,75.625,287.5,84.1739130434783,0.987221784137708,0,45.8697497665096
0.15,"07",124,320,248,77.5,287.5,86.2608695652174,0.615898359193742,0,40.0366177273606
0.3,"07",124,320,255,79.6875,287.5,88.695652173913,0.44971553618418,0,34.4624594012498
0.45,"07",124,320,258,80.625,287.5,89.7391304347826,0.452431739258811,0,30.489194863364
0.6,"07",124,320,261,81.5625,287.5,90.7826086956522,0.468785938784346,0,28.3688173159715
0.8,"07",124,320,261,81.5625,287.5,90.7826086956522,0.50857329276927,0,27.4999746841165
1,"07",124,320,258,80.625,287.5,89.7391304347826,0.556971032116911,0,27.5257435267423
0,"08",67,173,142,82.0809248554913,158,89.873417721519,0.982627784390544,0,61.2384157097114
0.15,"08",67,173,145,83.8150289017341,158,91.7721518987342,0.74310733801969,0,53.0918871139966
0.3,"08",67,173,147,84.971098265896,158,93.0379746835443,0.543119026528708,0,44.3362277649722
0.45,"08",67,173,151,87.2832369942196,158,95.5696202531646,0.44335191783932,0,35.4331289217794
0.6,"08",67,173,151,87.2832369942196,158,95.5696202531646,0.443354147870462,0,29.2171601796267
0.8,"08",67,173,151,87.2832369942196,158,95.5696202531646,0.450891622926354,0,24.2468188681927
1,"08",67,173,151,87.2832369942196,158,95.5696202531646,0.47196557475777,0,21.3762115742873
0,"09",16,33,31,93.9393939393939,33,93.9393939393939,0.998025677699483,0,7.85826731953732
0.15,"09",16,33,31,93.9393939393939,33,93.9393939393939,0.851327217996498,0,6.87013230102629
0.3,"09",16,33,31,93.9393939393939,33,93.9393939393939,0.715165212190646,0,5.7994818602247
0.45,"09",16,33,30,90.9090909090909,33,90.9090909090909,0.591752287569964,0,4.66006427918759
0.6,"09",16,33,30,90.9090909090909,33,90.9090909090909,0.485410157132333,0,3.51447112172827
0.8,"09",16,33,31,93.9393939393939,33,93.9393939393939,0.487716221637271,0,3.09754933919642
1,"09",16,33,31,93.9393939393939,33,93.9393939393939,0.518098121220836,0,3.11917975698154
0,"10",39,94,77,81.9148936170213,88,87.5,0.987978368189839,0,29.5017178858826
0.15,"10",39,94,78,82.9787234042553,88,88.6363636363636,0.76194878694577,0,25.8871573010789
0.3,"10",39,94,79,84.0425531914894,88,89.7727272727273,0.555456888851745,0,22.110426125201
0.45,"10",39,94,79,84.0425531914894,88,89.7727272727273,0.455460050221991,0,18.1886388925669
0.6,"10",39,94,80,85.1063829787234,88,90.9090909090909,0.448024772225779,0,14.2902728222963
0.8,"10",39,94,83,88.2978723404255,88,94.3181818181818,0.447177082691008,0,9.98076732213921
1,"10",39,94,84,89.3617021276596,88,95.4545454545455,0.447182775924691,0,7.90506961258892
0,"11",46,102,89,87.2549019607843,98,90.8163265306122,0.993259133660595,0,23.5387282928368
0.15,"11",46,102,92,90.1960784313726,98,93.8775510204082,0.722974891610058,0,19.7319585020548
0.3,"11",46,102,93,91.1764705882353,98,94.8979591836735,0.513246979832422,0,16.0174124610457
0.45,"11",46,102,95,93.1372549019608,98,96.9387755102041,0.450816733716899,0,12.5460546048438
0.6,"11",46,102,95,93.1372549019608,98,96.9387755102041,0.450810142143543,0,10.5444626488508
0.8,"11",46,102,95,93.1372549019608,98,96.9387755102041,0.448910994017518,0,9.27979061974124
1,"11",46,102,95,93.1372549019608,98,96.9387755102041,0.461967690607906,0,8.61134921333849
0,"12",81,202,174,86.1386138613861,186,93.5483870967742,0.990382021798674,0,54.0364799882529
0.15,"12",81,202,176,87.1287128712871,186,94.6236559139785,0.755037687083765,0,46.7873651877952
0.3,"12",81,202,177,87.6237623762376,186,95.1612903225806,0.56164638145216,0,39.0347155204541
0.45,"12",81,202,177,87.6237623762376,186,95.1612903225806,0.449637095154779,0,31.0093369622774
0.6,"12",81,202,179,88.6138613861386,186,96.236559139785,0.446475496588001,0,24.0830604339642
0.8,"12",81,202,179,88.6138613861386,186,96.236559139785,0.456029204061026,0,18.419686025663
1,"12",81,202,180,89.1089108910891,186,96.7741935483871,0.47188932593004,0,16.0127599099276
0,"13",84,201,168,83.5820895522388,187.5,89.6,0.993405445861115,0,10.8383183659806
0.15,"13",84,201,171,85.0746268656716,187.5,91.2,0.761792394102063,0,9.37571353594349
0.3,"13",84,201,173,86.0696517412935,187.5,92.2666666666667,0.57715206594825,0,7.9081961321521
0.45,"13",84,201,177,88.0597014925373,187.5,94.4,0.447610491371935,0,6.40090670769051
0.6,"13",84,201,179,89.0547263681592,187.5,95.4666666666667,0.445693156255227,0,4.90295780123608
0.8,"13",84,201,180,89.5522388059701,187.5,96,0.447578098596037,0,3.60338483526408
1,"13",84,201,180,89.5522388059701,187.5,96,0.451179654422629,0,2.92385266226281
0,"14",125,309,273,88.3495145631068,288.5,94.6273830155979,0.983823570683791,0,29.8278862227067
0.15,"14",125,309,274,88.673139158576,288.5,94.9740034662045,0.759097314149269,0,25.5932298130547
0.3,"14",125,309,276,89.3203883495146,288.5,95.6672443674177,0.566075775451566,0,21.3220449202401
0.45,"14",125,309,277,89.6440129449838,288.5,96.0138648180243,0.452035676356907,0,17.1040375612839
0.6,"14",125,309,282,91.2621359223301,288.5,97.7469670710572,0.452636024238276,0,14.2035263701002
0.8,"14",125,309,281,90.9385113268608,288.5,97.4003466204506,0.463092043704708,0,12.8184632752515
1,"14",125,309,281,90.9385113268608,288.5,97.4003466204506,0.477798090346296,0,12.8027341998434
0,"15",125,318,242,76.1006289308176,289,83.7370242214533,0.992422658065798,0,26.952431432384
0.15,"15",125,318,245,77.0440251572327,289,84.7750865051903,0.506816967755321,0,23.1172150245694
0.3,"15",125,318,249,78.3018867924528,289,86.159169550173,0.448314726807502,0,19.5787984691456
0.45,"15",125,318,251,78.9308176100629,289,86.8512110726644,0.448280797171994,0,16.2449725571828
0.6,"15",125,318,249,78.3018867924528,289,86.159169550173,0.44814337342951,0,13.9352891872777
0.8,"15",125,318,252,79.2452830188679,289,87.19723183391,0.447147221910246,0,12.7307928167666
1,"15",125,318,249,78.3018867924528,289,86.159169550173,0.454572760018408,0,12.187641695827
0,"16",113,289,238,82.3529411764706,267,89.1385767790262,0.99108396813832,0,46.7579788689971
0.15,"16",113,289,239,82.6989619377163,267,89.5131086142322,0.755764927154773,0,40.7965007069139
0.3,"16",113,289,242,83.7370242214533,267,90.6367041198502,0.562160084103098,0,34.3029370145558
0.45,"16",113,289,244,84.4290657439446,267,91.3857677902622,0.448611358454453,0,27.9965071842623
0.6,"16",113,289,247,85.4671280276817,267,92.5093632958801,0.459573625000594,0,23.9538263663362
0.8,"16",113,289,253,87.5432525951557,267,94.7565543071161,0.486489890708681,0,21.0521551668604
1,"16",113,289,255,88.2352941176471,267,95.5056179775281,0.518772068674441,0,19.8440230037861
0,"17",36,85,72,84.7058823529412,82,87.8048780487805,0.996524340701327,0,6.93398904359229
0.15,"17",36,85,71,83.5294117647059,82,86.5853658536585,0.766601351502105,0,6.0077707184909
0.3,"17",36,85,73,85.8823529411765,82,89.0243902439024,0.581387429566957,0,5.03327152067123
0.45,"17",36,85,73,85.8823529411765,82,89.0243902439024,0.449571704807602,0,4.03538378698247
0.6,"17",36,85,74,87.0588235294118,82,90.2439024390244,0.451007112318538,0,3.27331381507793
0.8,"17",36,85,74,87.0588235294118,82,90.2439024390244,0.460633983442553,0,2.65584144455166
1,"17",36,85,75,88.2352941176471,82,91.4634146341463,0.481005908122138,0,2.46123598075684
0,"18",20,42,37,88.0952380952381,41,90.2439024390244,0.991190496280885,0,22.4706706089769
0.15,"18",20,42,37,88.0952380952381,41,90.2439024390244,0.824721263128056,0,19.7516068241988
0.3,"18",20,42,37,88.0952380952381,41,90.2439024390244,0.672733448111495,0,16.9723725916771
0.45,"18",20,42,37,88.0952380952381,41,90.2439024390244,0.541090592363512,0,14.1294693630139
0.6,"18",20,42,37,88.0952380952381,41,90.2439024390244,0.452836783330403,0,11.6689453885093
0.8,"18",20,42,38,90.4761904761905,41,92.6829268292683,0.480126201498395,0,10.2594397477931
1,"18",20,42,38,90.4761904761905,41,92.6829268292683,0.496465344722244,0,10.1074660337161
0,"19",51,122,97,79.5081967213115,112.5,86.2222222222222,0.98601276541645,0,42.4471668778757
0.15,"19",51,122,99,81.1475409836066,112.5,88,0.661951237711512,0,35.2894604570196
0.3,"19",51,122,99,81.1475409836066,112.5,88,0.448178356584196,0,28.3288806151157
0.45,"19",51,122,101,82.7868852459016,112.5,89.7777777777778,0.448261963713276,0,23.053524662181
0.6,"19",51,122,101,82.7868852459016,112.5,89.7777777777778,0.44889330724635,0,21.1094964780878
0.8,"19",51,122,101,82.7868852459016,112.5,89.7777777777778,0.467679125764734,0,20.2689484063829
1,"19",51,122,101,82.7868852459016,112.5,89.7777777777778,0.492781670174095,0,20.5129953944257
0,"20",570,1653,1179,71.3248638838476,1408,83.7357954545455,0.985655707658304,0,53.0208960285004
0.15,"20",570,1653,1211,73.2607380520266,1408,86.0085227272727,0.506157066893709,0,47.7720674567012
0.3,"20",570,1653,1241,75.0756200846945,1408,88.1392045454545,0.444675488712485,0,42.1021193129619
0.45,"20",570,1653,1255,75.9225650332728,1408,89.1335227272727,0.449415607883566,0,38.3938254503637
0.6,"20",570,1653,1271,76.8905021173624,1408,90.2698863636364,0.467280605195522,0,36.7893299917314
0.8,"20",570,1653,1278,77.3139745916515,1408,90.7670454545455,0.505827648917792,0,35.5858228841308
1,"20",570,1653,1268,76.7090139140956,1408,90.0568181818182,0.553236703000684,0,35.2440291914321
0,"21",217,556,428,76.978417266187,501.5,85.3439680957129,0.985054803763667,0,16.1377211359591
0.15,"21",217,556,444,79.8561151079137,501.5,88.5343968095713,0.536815781431046,0,13.2060079862569
0.3,"21",217,556,451,81.1151079136691,501.5,89.9302093718843,0.44711172606583,0,10.4727531108691
0.45,"21",217,556,450,80.9352517985612,501.5,89.7308075772682,0.445916705694785,0,8.29273323306401
0.6,"21",217,556,453,81.4748201438849,501.5,90.3290129611166,0.445237159631179,0,6.98628690857884
0.8,"21",217,556,457,82.1942446043166,501.5,91.1266201395813,0.445279165930272,0,6.17977040716953
1,"21",217,556,457,82.1942446043166,501.5,91.1266201395813,0.45289599985254,0,6.13701008454847
0,"22",18,33,29,87.8787878787879,33,87.8787878787879,0.993619558300503,0,9.94452029850645
0.15,"22",18,33,29,87.8787878787879,33,87.8787878787879,0.871815385944026,0,8.45041105350194
0.3,"22",18,33,29,87.8787878787879,33,87.8787878787879,0.753689796998593,0,6.94254970256689
0.45,"22",18,33,29,87.8787878787879,33,87.8787878787879,0.647049676634142,0,5.50568842861898
0.6,"22",18,33,30,90.9090909090909,33,90.9090909090909,0.553658463050529,0,4.18638788808237
0.8,"22",18,33,30,90.9090909090909,33,90.9090909090909,0.451238614163798,0,2.57750720548544
1,"22",18,33,30,90.9090909090909,33,90.9090909090909,0.451152090016945,0,1.61154854681106
0,"23",11,14,13,92.8571428571429,14,92.8571428571429,0.985769217036847,0,84.8732467065662
0.15,"23",11,14,14,100,14,100,0.775800057791627,0,72.5865451616258
0.3,"23",11,14,14,100,14,100,0.587609497820794,0,60.0800021468351
0.45,"23",11,14,14,100,14,100,0.449652697684328,0,47.1872408631883
0.6,"23",11,14,14,100,14,100,0.442798949787927,0,35.3948414847851
0.8,"23",11,14,14,100,14,100,0.442906960465679,0,30.1548288919449
1,"23",11,14,14,100,14,100,0.457802565749753,0,28.9555931998644
0,"24",58,136,112,82.3529411764706,128,87.5,0.987179994090018,0,59.6909391648744
0.15,"24",58,136,118,86.7647058823529,128,92.1875,0.703268035380734,0,49.2022686681427
0.3,"24",58,136,120,88.2352941176471,128,93.75,0.48169015089577,0,39.2499121870306
0.45,"24",58,136,120,88.2352941176471,128,93.75,0.446561417733736,0,30.7570244096352
0.6,"24",58,136,120,88.2352941176471,128,93.75,0.445819654104767,0,25.5953721965405
0.8,"24",58,136,120,88.2352941176471,128,93.75,0.445956012646991,0,20.6641983216524
1,"24",58,136,121,88.9705882352941,128,94.53125,0.461181499214862,0,18.913144502631
0,"25",18,31,30,96.7741935483871,30.5,98.3606557377049,0.987858415089923,0,26.8282900803683
0.15,"25",18,31,30,96.7741935483871,30.5,98.3606557377049,0.815526917429446,0,23.1299716102374
0.3,"25",18,31,30,96.7741935483871,30.5,98.3606557377049,0.666305487172789,0,19.3025567058321
0.45,"25",18,31,30,96.7741935483871,30.5,98.3606557377049,0.54105080707107,0,15.3754859388399
0.6,"25",18,31,30,96.7741935483871,30.5,98.3606557377049,0.448038196410435,0,11.3916067050989
0.8,"25",18,31,30,96.7741935483871,30.5,98.3606557377049,0.448274168131007,0,6.07211904668178
1,"25",18,31,30,96.7741935483871,30.5,98.3606557377049,0.448442151256154,0,4.4511373535936
0,"26",72,180,145,80.5555555555556,167,86.8263473053892,0.985199346314446,0,61.0565965680043
0.15,"26",72,180,145,80.5555555555556,167,86.8263473053892,0.689564359561818,0,53.6336283085875
0.3,"26",72,180,149,82.7777777777778,167,89.2215568862275,0.46741170056486,0,45.6264868058555
0.45,"26",72,180,153,85,167,91.6167664670659,0.449037136833225,0,37.6956063462069
0.6,"26",72,180,152,84.4444444444444,167,91.0179640718563,0.45758139871283,0,33.5941520266734
0.8,"26",72,180,151,83.8888888888889,167,90.4191616766467,0.481232751163014,0,32.0145290177946
1,"26",72,180,149,82.7777777777778,167,89.2215568862275,0.509363768786472,0,31.9119778496593
0,"27",17,32,25,78.125,32,78.125,0.995428598130596,0,24.817126983059
0.15,"27",17,32,25,78.125,32,78.125,0.841002649602833,0,21.0994824904257
0.3,"27",17,32,28,87.5,32,87.5,0.69833419729321,0,17.3013173200322
0.45,"27",17,32,28,87.5,32,87.5,0.571924292437477,0,13.558239267017
0.6,"27",17,32,28,87.5,32,87.5,0.462245790846505,0,10.0263994798643
0.8,"27",17,32,28,87.5,32,87.5,0.4480613879763,0,6.82255081247407
1,"27",17,32,28,87.5,32,87.5,0.447988685004385,0,6.04110664982454
0,"28",43,87,76,87.3563218390805,83.5,91.0179640718563,0.978757814964917,0,30.1989810193037
0.15,"28",43,87,75,86.2068965517241,83.5,89.8203592814371,0.612707066828301,0,25.5960786267568
0.3,"28",43,87,78,89.6551724137931,83.5,93.4131736526946,0.455893249330119,0,21.4494698128531
0.45,"28",43,87,78,89.6551724137931,83.5,93.4131736526946,0.45584761285809,0,17.7928868603364
0.6,"28",43,87,78,89.6551724137931,83.5,93.4131736526946,0.444167024796154,0,14.9558942308851
0.8,"28",43,87,77,88.5057471264368,83.5,92.2155688622754,0.445072743755016,0,12.7287549643442
1,"28",43,87,77,88.5057471264368,83.5,92.2155688622754,0.456055121060911,0,12.321310658799
0,"29",60,154,117,75.974025974026,137.5,85.0909090909091,0.997492997548515,0,12.5043653078222
0.15,"29",60,154,118,76.6233766233766,137.5,85.8181818181818,0.644859938544086,0,10.6349400676384
0.3,"29",60,154,119,77.2727272727273,137.5,86.5454545454545,0.450620856084402,0,8.80558641417977
0.45,"29",60,154,120,77.9220779220779,137.5,87.2727272727273,0.45462884797214,0,7.57622832922311
0.6,"29",60,154,123,79.8701298701299,137.5,89.4545454545455,0.462766270263857,0,6.89647690222645
0.8,"29",60,154,123,79.8701298701299,137.5,89.4545454545455,0.488653672702102,0,6.6646158951492
1,"29",60,154,123,79.8701298701299,137.5,89.4545454545455,0.525135709335166,0,6.7783354985688
0,"30",212,546,396,72.5274725274725,496,79.8387096774194,0.974969579173969,0,76.4498059384775
0.15,"30",212,546,408,74.7252747252747,496,82.258064516129,0.579506719152553,0,65.1196854298523
0.3,"30",212,546,410,75.0915750915751,496,82.6612903225806,0.447990084302195,0,53.6136552392495
0.45,"30",212,546,422,77.2893772893773,496,85.0806451612903,0.446849222495423,0,46.419499240718
0.6,"30",212,546,426,78.021978021978,496,85.8870967741936,0.456853311767618,0,42.8164972914483
0.8,"30",212,546,426,78.021978021978,496,85.8870967741936,0.48319895474709,0,41.7187290278767
1,"30",212,546,429,78.5714285714286,496,86.491935483871,0.519534423987004,0,42.5698358650759
0,"31",106,288,236,81.9444444444444,263.5,89.5635673624288,0.993629086357028,0,31.2133127301052
0.15,"31",106,288,239,82.9861111111111,263.5,90.7020872865275,0.699679078567874,0,27.2674113109783
0.3,"31",106,288,240,83.3333333333333,263.5,91.0815939278937,0.479171857221202,0,23.1514502860672
0.45,"31",106,288,244,84.7222222222222,263.5,92.5996204933586,0.455206431398629,0,20.0876123950668
0.6,"31",106,288,243,84.375,263.5,92.2201138519924,0.4657012795216,0,18.3517381691411
0.8,"31",106,288,243,84.375,263.5,92.2201138519924,0.486759114758125,0,17.5817861172315
1,"31",106,288,243,84.375,263.5,92.2201138519924,0.515299596634303,0,17.0570660697259
0,"32",58,124,103,83.0645161290323,117.5,87.6595744680851,0.987546953773095,0,79.6014403986198
0.15,"32",58,124,105,84.6774193548387,117.5,89.3617021276596,0.788842290436625,0,72.3387262339241
0.3,"32",58,124,109,87.9032258064516,117.5,92.7659574468085,0.610584595401751,0,63.7381574822438
0.45,"32",58,124,106,85.4838709677419,117.5,90.2127659574468,0.471675105864483,0,57.0157785475744
0.6,"32",58,124,107,86.2903225806452,117.5,91.063829787234,0.494461482252507,0,52.9470591057709
0.8,"32",58,124,106,85.4838709677419,117.5,90.2127659574468,0.548245560023061,0,49.6939695409921
1,"32",58,124,106,85.4838709677419,117.5,90.2127659574468,0.595466358854466,0,49.4530372987278
