"gamma","state_code","n","true_km2_per_cell","cohesion_pct","pairs","pairs_kept","disp_km","disp_km_p95","area_p5","area_p95","area_min","area_max","leg_ratio","leg_minmax","tiny_frac","leg_print","dia_mm_p5","leg_print_nat","dia_mm_nat_p5","leg_ratio_req","leg_ratio_clamp","clamp_bind_frac","iq_mean","wsum_pct_indig","asum_pct_indig","vsum_pct_indig","vn_pct_indig","wsum_pct_afro","asum_pct_afro","vsum_pct_afro","vn_pct_afro","wsum_sex_ratio","asum_sex_ratio","vsum_sex_ratio","vn_sex_ratio","wsum_log_dens","asum_log_dens","vsum_log_dens","vn_log_dens","knn_used","newton_it","maxerr_pct","eng_cohesion","state_abbr","converged"
0,"03",5,14788.6,100,5,5,103.7950584531,134.515676826893,0.986235329066238,1.013475773813,0.985685607030997,1.01511861553688,0.973121760331504,0.971005350453239,0,1,27.406283751108,1,8.42133930069317,1,1,0,0.46116586169388,144377.137979136,73298.1108767474,9.87982122174978,5,183978.170741138,73298.1108767474,12.5107856308683,5,7616662.65447195,73298.1108767474,519.622866554661,5,70087.0869258468,73298.1108767474,4.7520057840819,5,60,4,0,100,"BCS",TRUE
0.15,"03",5,14788.6,100,5,5,88.7004095229402,124.127539622279,0.856307668139416,1.13868145272334,0.855374066851056,1.15477015673404,0.752016875388127,0.740731012022562,0,1,25.5372827451915,1,7.84703700684338,0.740702465804806,0.740702465804806,0,0.478055222434598,151434.957435301,73298.1401522644,9.87982122174978,5,174969.75504358,73298.1401522644,12.5107856308683,5,7610226.84919285,73298.1401522644,519.622866554661,5,66627.4803416023,73298.1401522644,4.7520057840819,5,60,4,0,100,"BCS",TRUE
0.3,"03",5,14788.6,100,5,5,74.0367115345186,113.635992224213,0.71389886870823,1.28994391164703,0.708481303387018,1.32791089262103,0.553434038691423,0.533530756712611,0,1,23.3110581830219,1,7.16296788722735,0.548139065366518,0.548139065366518,0,0.497844759041123,158904.83406296,73263.0369798981,9.87982122174978,5,166470.114066505,73263.0369798981,12.5107856308683,5,7602042.18540253,73263.0369798981,519.622866554661,5,63228.1679416,73263.0369798981,4.7520057840819,5,60,3,0.5,100,"BCS",TRUE
0.45,"03",5,14788.6,100,5,5,59.1885637600899,99.9938345457433,0.589555650505565,1.44230120114403,0.580835665720073,1.50736634939102,0.40876042399322,0.385331453070272,0,1,21.1873151367736,1,6.51038905011223,0.405290808283203,0.405290808283203,0,0.478530495445532,167053.035418245,73298.1370660946,9.87982122174978,5,159230.662257227,73298.1370660946,12.5107856308683,5,7604241.74568674,73298.1370660946,519.622866554661,5,60060.5589189756,73298.1370660946,4.7520057840819,5,60,3,0.3,100,"BCS",TRUE
0.6,"03",5,14788.6,100,5,5,44.8328370747265,85.2651873835042,0.479823872331918,1.59097665665943,0.468804762016272,1.68631514933552,0.301590768364511,0.278005426329119,0,1,19.1112973849856,1,5.87247513077751,0.299431319601835,0.299431319601835,0,0.497892413381914,175254.718592282,73298.1534569193,9.87982122174978,5,152844.632481389,73298.1534569193,12.5107856308683,5,7604685.8820392,73298.1534569193,519.622866554661,5,57086.8128670048,73298.1534569193,4.7520057840819,5,60,3,0,100,"BCS",TRUE
0.8,"03",5,14788.6,100,5,5,35.9151705774515,73.4318359014362,0.448368851917915,1.72099322773802,0.446034447116671,1.85470769606892,0.26052912044705,0.240487731873895,0,1,18.4787235491316,1,5.67809930978528,0.199760658187588,0.260574643136312,0.4,0.510455094821518,183929.944311321,73298.1623463247,9.87982122174978,5,151495.49611001,73298.1623463247,12.5107856308683,5,7614366.33832789,73298.1623463247,519.622866554661,5,55582.6829778325,73298.1623463247,4.7520057840819,5,60,3,0,100,"BCS",TRUE
1,"03",5,14788.6,100,5,5,27.385166733093,61.520947076163,0.448549282614466,1.81595267536186,0.446384084633547,1.98663150829535,0.2470049405473,0.224693951933024,0,1,18.4822818492187,1,5.67919269598239,0.133109725777279,0.246975964413792,0.4,0.51223785263397,190821.085953413,73296.6222436108,9.87982122174978,5,151516.62665834,73296.6222436108,12.5107856308683,5,7626678.17759196,73296.6222436108,519.622866554661,5,54218.4000343503,73296.6222436108,4.7520057840819,5,60,3,0.1,100,"BCS",TRUE
0,"06",10,558.6,89.4736842105263,19,17,7.9168228575388,14.5669925906498,0.997264681737378,1.00295067229454,0.996356012036909,1.00299444469141,0.994330737578394,0.993381386417809,0,1,25.273289600676,0,1.65304961425713,1,1,0,0.550652105319294,4670.00999794609,5586.01780398658,8.36180761856218,10,9521.15651763625,5586.01780398658,17.0469504732122,10,559408.489420619,5586.01780398658,1001.44963742969,10,10671.4688548463,5586.01780398658,19.1031421518176,10,60,3,0.3,89.5,"COL",TRUE
0.15,"06",10,558.6,94.7368421052632,19,18,6.9199051009922,12.3907335762717,0.921006291030339,1.11726578031222,0.911793375670177,1.15689318971097,0.824339478805983,0.788139634479109,0,1,24.2874168043052,0,1.58856664937614,0.825803870612785,0.825803870612785,0,0.557977355151626,4677.52587866046,5586.01909290529,8.36180761856218,10,9572.01290837476,5586.01909290529,17.0469504732122,10,559113.443559439,5586.01909290529,1001.44963742969,10,10705.8687518094,5586.01909290529,19.1031421518176,10,60,3,0.2,94.7,"COL",TRUE
0.3,"06",10,558.6,94.7368421052632,19,18,5.88166112614591,10.1919562439277,0.84494561442972,1.24304027522921,0.827603027748796,1.33274120908114,0.679741140546646,0.620978042931073,0,1,23.2618029784453,0,1.52148434366912,0.680914308006805,0.680914308006805,0,0.56850579096869,4678.03316770111,5586.02498863142,8.36180761856218,10,9625.59079057256,5586.02498863142,17.0469504732122,10,558778.383216483,5586.02498863142,1001.44963742969,10,10746.98178519,5586.02498863142,19.1031421518176,10,60,3,0.1,94.7,"COL",TRUE
0.45,"06",10,558.6,94.7368421052632,19,18,4.81669481344525,8.1559705755859,0.771155445344562,1.37796971519584,0.747365713570927,1.52719913941755,0.559631635471004,0.489370177261862,0,1,22.2210708290072,0.1,1.45341319403423,0.560603966528105,0.560603966528105,0,0.581248101517592,4671.06682237892,5586.02722373537,8.36180761856218,10,9680.2255739472,5586.02722373537,17.0469504732122,10,558406.025978642,5586.02722373537,1001.44963742969,10,10794.4698319767,5586.02722373537,19.1031421518176,10,60,3,0.1,94.7,"COL",TRUE
0.6,"06",10,558.6,89.4736842105263,19,17,3.74676791472451,6.31878673350352,0.700164950554228,1.52167427253237,0.671259799879827,1.74040100269006,0.460128007151633,0.38569260695799,0,1,21.1711501438696,0.1,1.38474105000432,0.460871343457128,0.460871343457128,0,0.590971602367215,4655.35911414901,5586.02585590088,8.36180761856218,10,9735.93696763644,5586.02585590088,17.0469504732122,10,558000.705778708,5586.02585590088,1001.44963742969,10,10847.8766503516,5586.02585590088,19.1031421518176,10,60,3,0.1,89.5,"COL",TRUE
0.8,"06",10,558.6,89.4736842105263,19,17,2.41847656381455,4.00945761543981,0.610363266495292,1.72588732333576,0.576604380379927,2.05339870140747,0.353651862576748,0.280804882161805,0,1,19.762812770232,0.1,1.29262595185052,0.354137975707336,0.354137975707336,0,0.610030741126578,4621.45691537539,5586.01704955949,8.36180761856218,10,9809.90602388758,5586.01704955949,17.0469504732122,10,557422.767017938,5586.01704955949,1001.44963742969,10,10926.9405390112,5586.01704955949,19.1031421518176,10,60,3,0.1,89.5,"COL",TRUE
1,"06",10,558.6,94.7368421052632,19,18,1.94513147164279,3.49482671603618,0.540199219554482,1.85120903396287,0.502657025689935,2.20248247837444,0.291808871739396,0.228222939626256,0,1,18.5872332968492,0.1,1.21573484563885,0.271449540657497,0.29212044319162,0.1,0.617393181478313,4622.85362814058,5586.01451317236,8.36180761856218,10,9890.00121868256,5586.01451317236,17.0469504732122,10,556894.623464857,5586.01451317236,1001.44963742969,10,10986.8264527748,5586.01451317236,19.1031421518176,10,60,3,0.2,94.7,"COL",TRUE
0,"09",16,92.8,93.9393939393939,33,31,7.85826731953734,11.1988125381738,0.998050431745158,1.00184546052509,0.998025677699482,1.00294223242442,0.996211961894861,0.995097868485356,0,1,21.7609082143195,0,0.67403997825935,1,1,0,0.6369007364615,2051.88752063709,1484.84005522651,22.104595728293,16,3050.3050467255,1484.84005522651,32.8734728745246,16,135807.955814632,1484.84005522651,1463.38997556762,16,5716.91626326106,1484.84005522651,61.6068430811995,16,60,4,0.3,93.9,"CDMX",TRUE
0.15,"09",16,92.8,93.9393939393939,33,31,6.87013230102628,9.76382799292635,0.855305036979448,1.24500362277429,0.851327217996499,1.25495481957815,0.686989998529917,0.678372802522619,0,1,20.1447017371648,0,0.623978291127783,0.688094212735703,0.688094212735703,0,0.645151143721986,2127.90749159142,1484.8396795768,22.104595728293,16,3010.0688272003,1484.8396795768,32.8734728745246,16,136057.589427071,1484.8396795768,1463.38997556762,16,5660.53746916557,1484.8396795768,61.6068430811995,16,60,4,0,93.9,"CDMX",TRUE
0.3,"09",16,92.8,93.9393939393939,33,31,5.79878520318532,8.26236012346341,0.722026000998551,1.52697774795158,0.71529252448287,1.55181724508384,0.472846445841885,0.460938636137031,0,1,18.5070318738128,0,0.573251779705648,0.473466622234535,0.473466622234534,0,0.657333460726174,2211.00878277701,1484.57448835627,22.104595728293,16,2967.2199716709,1484.57448835627,32.8734728745246,16,136285.698305099,1484.57448835627,1463.38997556762,16,5598.30858213097,1484.57448835627,61.6068430811995,16,60,4,0,93.9,"CDMX",TRUE
0.45,"09",16,92.8,90.9090909090909,33,30,4.66006427918759,6.62438423998124,0.598503061368557,1.84549625888956,0.591752287569967,1.89077822547019,0.324304673328722,0.312967581072503,0,1,16.8512247281033,0,0.521963469424492,0.325779930833048,0.325779930833048,0,0.654681332807221,2300.95827258116,1484.83882119369,22.104595728293,16,2925.25881678495,1484.83882119369,32.8734728745246,16,136558.879760012,1484.83882119369,1463.38997556762,16,5533.91086173569,1484.83882119369,61.6068430811995,16,60,3,1,90.9,"CDMX",TRUE
0.6,"09",16,92.8,90.9090909090909,33,30,3.51712614463576,5.05579949931911,0.494484505207999,2.18968161834936,0.485531567643027,2.20300963814844,0.225824841869364,0.220394663389263,0,1,15.3149935156142,0,0.474379000850425,0.224157213391153,0.226219573448374,0.0625,0.67630022391461,2395.01809275386,1484.46858346245,22.104595728293,16,2881.22863892129,1484.46858346245,32.8734728745246,16,136769.373513486,1484.46858346245,1463.38997556762,16,5465.18193252513,1484.46858346245,61.6068430811995,16,60,3,0.5,90.9,"CDMX",TRUE
0.8,"09",16,92.8,93.9393939393939,33,31,3.09754933919642,4.74436863695151,0.487853612993533,2.21292517801313,0.487716221637272,2.21351082879269,0.220456442829916,0.220336045025489,0,1,15.2140748805559,0,0.471253065392642,0.136159178035403,0.220927252824439,0.125,0.679360283972493,2419.88637340238,1484.84015304163,22.104595728293,16,2868.80021754825,1484.84015304163,32.8734728745246,16,136924.179225947,1484.84015304163,1463.38997556762,16,5456.93731374147,1484.84015304163,61.6068430811995,16,60,3,0,93.9,"CDMX",TRUE
1,"09",16,92.8,93.9393939393939,33,31,3.11917975698155,4.69140905813677,0.518313488803954,2.22131184995713,0.518098121220837,2.22196253332583,0.23333666041261,0.233171402960314,0,1,15.6818420537281,0,0.485742064295177,0.0827045101180994,0.233964736200601,0.125,0.679021138135486,2432.80343642651,1484.84039124626,22.104595728293,16,2869.65211517052,1484.84039124626,32.8734728745246,16,136969.229606658,1484.84039124626,1463.38997556762,16,5460.47213245568,1484.84039124626,61.6068430811995,16,60,3,0,93.9,"CDMX",TRUE
0,"13",84,245.7,81.592039800995,201,164,10.8667629746926,23.813859255,1.00331269063431,1.01588047025437,0.629797674160179,1.01715369183884,0.987628682716077,0.619176511095008,0,1,10.6473040379683,0,1.09410553950724,1,1,0,0.63647544365902,295356.216029176,20431.5955300056,1217.01531913505,84,33061.1757360122,20431.5955300056,135.767515839493,84,1900690.71869825,20431.5955300056,7815.20519132333,84,42283.6465351076,20431.5955300056,174.233086948214,84,60,4,0.4,83.6,"HGO",TRUE
0.15,"13",84,245.7,83.0845771144279,201,167,9.42675666821811,19.9191277108807,0.788217191593304,1.15545460854889,0.600656176638119,1.24912304226992,0.682170624238722,0.480862298037991,0,1,9.44898528336577,0,0.970967589953932,0.707691562561592,0.707691562561592,0,0.637372255878263,300866.942013887,20482.5355673419,1217.01531913505,84,32305.1756937891,20482.5355673419,135.767515839493,84,1905004.27288392,20482.5355673419,7815.20519132333,84,41884.3863992267,20482.5355673419,174.233086948214,84,60,4,0.7,85.1,"HGO",TRUE
0.3,"13",84,245.7,84.0796019900498,201,169,8.01039982841499,16.7306587268679,0.609229479201899,1.31759448584315,0.505585011473428,1.53650478214495,0.46238010689005,0.32904877182851,0,1,8.30867675527558,0,0.85379070903818,0.500853457240386,0.500853457240386,0,0.645449369455214,303849.943325219,20490.0381856837,1217.01531913505,84,31563.435117979,20490.0381856837,135.767515839493,84,1905214.06504499,20490.0381856837,7815.20519132333,84,41423.5472834368,20490.0381856837,174.233086948214,84,60,5,0,86.1,"HGO",TRUE
0.45,"13",84,245.7,88.0597014925373,201,177,6.28877088891015,13.2634815344954,0.478058559929165,1.48312612577229,0.415896125642305,1.86897182379445,0.322331696287956,0.222526696415325,0,1,7.36202608210154,0,0.756513901519155,0.354486988377618,0.354486988377618,0.0238095238095238,0.648980242397966,306597.174849484,20508.2435307987,1217.01531913505,84,30866.4296217055,20508.2435307987,135.767515839493,84,1906375.44798241,20508.2435307987,7815.20519132333,84,41017.4911630252,20508.2435307987,174.233086948214,84,60,5,0.1,88.1,"HGO",TRUE
0.6,"13",84,245.7,89.0547263681592,201,179,4.86297381408067,10.4314231093226,0.452987629451615,1.6424348585252,0.447284231676601,2.1903651151025,0.275802493535951,0.20420533024042,0,1,7.1774750793908,0,0.737549638484363,0.250907251343598,0.274832525636698,0.0833333333333333,0.649734426728667,309030.761529236,20564.4132607699,1217.01531913505,84,30419.848055075,20564.4132607699,135.767515839493,84,1911116.96652972,20564.4132607699,7815.20519132333,84,40777.4829573807,20564.4132607699,174.233086948214,84,60,4,0.5,89.1,"HGO",TRUE
0.8,"13",84,245.7,89.0547263681592,201,179,3.57154069706041,7.49361059214385,0.452953335108067,1.88150665499844,0.449348990704172,2.20442692929848,0.240739693322235,0.203839367380242,0,1,7.17582112957866,0,0.737379680376181,0.158282862787015,0.240022603473704,0.130952380952381,0.650799785373416,311297.584426047,20556.4929222713,1217.01531913505,84,29835.6284610143,20556.4929222713,135.767515839493,84,1910045.79155347,20556.4929222713,7815.20519132333,84,40455.7978715686,20556.4929222713,174.233086948214,84,60,4,0,89.6,"HGO",TRUE
1,"13",84,245.7,89.5522388059701,201,180,2.9135265723287,5.99193048111579,0.455191181141945,2.13438230269475,0.437870162301117,2.20748965905086,0.213266002331095,0.198356608605535,0,1,7.1987619826176,0,0.739737057821346,0.0998613318657809,0.212846232177291,0.0476190476190476,0.651755049644455,310854.816486783,20586.4312199866,1217.01531913505,84,29334.005189827,20586.4312199866,135.767515839493,84,1912494.87580177,20586.4312199866,7815.20519132333,84,40339.5583862326,20586.4312199866,174.233086948214,84,60,3,0.8,89.6,"HGO",TRUE
0,"17",36,134.6,84.7058823529412,85,72,6.93398904359222,13.2977941504003,0.997285754272558,1.0028175037258,0.996524340701325,1.00305499594018,0.994483792481996,0.993489235121419,0,1,17.452735167451,0,0.81148650151944,1,1,0,0.631857813010144,12677.7472486739,4846.03284399657,94.1237828730689,36,6821.21240820446,4846.03284399657,50.6796092678117,36,456751.206729929,4846.03284399657,3393.14326735202,36,12022.3931992993,4846.03284399657,89.314211212113,36,60,4,0.4,84.7,"MOR",TRUE
0.15,"17",36,134.6,83.5294117647059,85,71,6.0052406325047,11.4973256802362,0.837197516667556,1.20628802259163,0.750540812287971,1.27862832139244,0.694027878075829,0.586989041092586,0,1,15.9852673434905,0,0.743254770553919,0.694269327708803,0.694269327708803,0,0.656349072873378,11589.5387109312,4842.79121273976,94.1237828730689,36,6940.72718423756,4842.79121273976,50.6796092678117,36,456757.247411745,4842.79121273976,3393.14326735202,36,11937.1427205242,4842.79121273976,89.314211212113,36,60,4,0.1,83.5,"MOR",TRUE
0.3,"17",36,134.6,85.8823529411765,85,73,5.03731744288057,9.61076364348001,0.69149528527785,1.43499655454135,0.581709444688541,1.60966648587943,0.481879404580775,0.361385075598891,0,1,14.5280084770078,0,0.675497717689465,0.48203350422995,0.482033504229949,0,0.651312273102712,10847.7956049493,4843.08994368985,94.1237828730689,36,7051.23904561342,4843.08994368985,50.6796092678117,36,457032.436994378,4843.08994368985,3393.14326735202,36,11857.4855037605,4843.08994368985,89.314211212113,36,60,4,0,85.9,"MOR",TRUE
0.45,"17",36,134.6,85.8823529411765,85,73,4.04151443809539,7.70229738254297,0.564381414627384,1.6866754908034,0.449974552615926,2.00225704670093,0.334611736344469,0.224733659126003,0,1,13.1226691954017,0,0.610154730121237,0.334693719903258,0.334693719903258,0.0277777777777778,0.660738485764684,10248.8764494103,4841.6978345612,94.1237828730689,36,7147.31893037378,4841.6978345612,50.6796092678117,36,457117.206334868,4841.6978345612,3393.14326735202,36,11768.8343204903,4841.6978345612,89.314211212113,36,60,4,0,85.9,"MOR",TRUE
0.6,"17",36,134.6,87.0588235294118,85,74,3.2774546380582,6.27572074573282,0.46107498564595,1.96564768489865,0.451268490413736,2.20678435403858,0.234566443004114,0.204491430976425,0,1,11.8633427336994,0,0.55160078915595,0.232401440990785,0.234568967780989,0.0277777777777778,0.662549394171581,10246.5723271518,4843.22915450887,94.1237828730689,36,7239.83110481286,4843.22915450887,50.6796092678117,36,457374.164267921,4843.22915450887,3393.14326735202,36,11708.2023153946,4843.22915450887,89.314211212113,36,60,4,0,87.1,"MOR",TRUE
0.8,"17",36,134.6,87.0588235294118,85,74,2.65701747157995,5.46184422908099,0.462308217984556,2.20334191683997,0.460709445761532,2.20974231666701,0.209821369280532,0.20849012225843,0,1,11.8818461050219,0,0.552461126284586,0.142908934814851,0.210033814616226,0.0833333333333333,0.662877599088841,10273.0613254961,4845.24321614279,94.1237828730689,36,7373.1891938693,4845.24321614279,50.6796092678117,36,457530.014004797,4845.24321614279,3393.14326735202,36,11680.9090800119,4845.24321614279,89.314211212113,36,60,3,0.5,87.1,"MOR",TRUE
1,"17",36,134.6,88.2352941176471,85,75,2.46123598075686,5.02989316929549,0.481294280579897,2.2056623169784,0.481005908122139,2.21268628291599,0.218208506748774,0.217385497363975,0,1,12.124370855262,0,0.563737614423319,0.0878853312231224,0.218800453363573,0.0833333333333333,0.671958816309077,10308.8141252199,4846.03667885428,94.1237828730689,36,7484.22077039934,4846.03667885428,50.6796092678117,36,457436.704688089,4846.03667885428,3393.14326735202,36,11679.0121812121,4846.03667885428,89.314211212113,36,60,3,0.3,88.2,"MOR",TRUE
0,"21",217,157.4,76.0791366906475,556,423,16.1980267654866,29.2919171121514,0.996375342484987,1.01797332892479,0.542682141163867,1.01974714810677,0.978783347435427,0.532173237425957,0,1,5.11918153436865,0,0.872722131650832,1,1,0,0.67342758998994,595366.451541847,33816.5748880652,3845.34368655811,217,53426.7877007784,33816.5748880652,344.274084148812,217,3141477.96103759,33816.5748880652,20158.8808302409,217,69813.1447475722,33816.5748880652,447.372212134282,217,60,7,0,77,"PUE",TRUE
0.15,"21",217,157.4,78.7769784172662,556,438,13.1852134436651,23.9502749964588,0.724436464119634,1.23694771207234,0.500398681364169,1.36956966216358,0.585664581493049,0.365369279992421,0,1,4.37331521505023,0,0.74556624945522,0.58772858058137,0.58772858058137,0,0.682804753570627,570486.933718925,33944.7742972773,3845.34368655811,217,53060.7208882652,33944.7742972773,344.274084148812,217,3153234.08040639,33944.7742972773,20158.8808302409,217,68805.8926268139,33944.7742972773,447.372212134282,217,60,6,0.1,79.9,"PUE",TRUE
0.3,"21",217,157.4,80.0359712230216,556,445,10.4229468486821,19.3530927006754,0.511313018210314,1.49518067872345,0.434247841790019,1.79928365349842,0.341974067406263,0.241344849071293,0,1,3.67979540069693,0,0.627334440979385,0.345423486547743,0.345423486547743,0.0276497695852535,0.695862683001342,541717.071554145,34049.6752170011,3845.34368655811,217,52494.0136169794,34049.6752170011,344.274084148812,217,3163208.72706251,34049.6752170011,20158.8808302409,217,68000.3665141635,34049.6752170011,447.372212134282,217,60,6,0,81.1,"PUE",TRUE
0.45,"21",217,157.4,80.7553956834532,556,449,8.2877316504952,15.8695081615601,0.450611604034805,1.74782192145446,0.438910106272332,2.19797553029322,0.257813223706352,0.199688349675931,0,1,3.45497073495263,0,0.589006153494607,0.203013607739157,0.258848704668105,0.0967741935483871,0.700810247681633,517584.40401144,34059.4719118179,3845.34368655811,217,51640.0536196373,34059.4719118179,344.274084148812,217,3164296.58714824,34059.4719118179,20158.8808302409,217,67361.9255384281,34059.4719118179,447.372212134282,217,60,5,0.1,80.9,"PUE",TRUE
0.6,"21",217,157.4,81.4748201438849,556,453,6.95224311038099,14.0625591099439,0.447101452562372,2.00891091781548,0.283293440752602,2.18289291427468,0.22255912325299,0.129778899780218,0,1,3.4434577166109,0,0.587043404988528,0.119315442895716,0.224764385722105,0.175115207373272,0.699653101544046,502137.197004429,34098.4742574854,3845.34368655811,217,50743.7274194922,34098.4742574854,344.274084148812,217,3167996.02282816,34098.4742574854,20158.8808302409,217,67039.9138482861,34098.4742574854,447.372212134282,217,60,5,0,81.5,"PUE",TRUE
0.8,"21",217,157.4,82.1942446043166,556,457,6.13851650412434,12.8457672922708,0.447188595838994,2.19073125961246,0.271961017749672,2.20752328197123,0.204127545940117,0.123197349704426,0,1,3.44220660583446,0,0.586830114630212,0.0587384598011727,0.20580872665452,0.262672811059908,0.704190424021207,493194.119988641,34067.0608817913,3845.34368655811,217,49706.5462173761,34067.0608817913,344.274084148812,217,3165074.59386925,34067.0608817913,20158.8808302409,217,66656.415018298,34067.0608817913,447.372212134282,217,60,4,0.6,82.2,"PUE",TRUE
1,"21",217,157.4,82.1942446043166,556,457,6.09888450199851,12.4741644115666,0.455129245179796,2.21061359394246,0.298099595432451,2.22307898489606,0.205883672491178,0.134093119253875,0,1,3.4735650727495,0,0.592176130962639,0.0289164684464046,0.208259908322791,0.0921658986175115,0.701520152029386,492708.69529682,34085.341933698,3845.34368655811,217,49009.779418966,34085.341933698,344.274084148812,217,3166660.40551009,34085.341933698,20158.8808302409,217,66552.1449849194,34085.341933698,447.372212134282,217,60,4,0.4,82.2,"PUE",TRUE
0,"26",72,2511.5,80,180,144,60.1904722314657,135.732851161222,0.98834496814845,1.01545781266282,0.985368451725698,1.01973367096171,0.973299880924379,0.966299809239798,0,1,9.28524837802095,1,3.47719253545478,1,1,0,0.639499607362689,300708.575762183,179565.24910677,119.597988194764,72,161348.586103785,179565.24910677,64.6106831762405,72,19174276.8528779,179565.24910677,7687.55002448881,72,92401.5129865609,179565.24910677,36.9795807907107,72,60,5,0,80,"SON",TRUE
0.15,"26",72,2511.5,80.5555555555556,180,145,52.7920329756386,115.586719676477,0.794620429451563,1.2617663641761,0.68951677542151,1.41068283422805,0.629768277243962,0.488782282375206,0,1,8.32611446939313,1,3.11801062326418,0.624797376086369,0.624797376086369,0,0.652529364704059,306647.816445917,179585.736803485,119.597988194764,72,170017.255456184,179585.736803485,64.6106831762405,72,19133613.2033788,179585.736803485,7687.55002448881,72,95000.604389913,179585.736803485,36.9795807907107,72,60,5,0,80.6,"SON",TRUE
0.3,"26",72,2511.5,82.2222222222222,180,148,44.7938782606695,94.9920444815072,0.616237659248032,1.56822940641206,0.467548585012298,1.94535992609021,0.39295122048369,0.240340401147245,0,1,7.33089704653471,1,2.7453159517776,0.390337761858414,0.390337761858414,0,0.661086472713037,311344.774163739,179519.733994957,119.597988194764,72,179133.061520371,179519.733994957,64.6106831762405,72,19080962.0360303,179519.733994957,7687.55002448881,72,98277.8540503847,179519.733994957,36.9795807907107,72,60,4,0,82.2,"SON",TRUE
0.45,"26",72,2511.5,85,180,153,36.8416920455702,74.6709149947085,0.46977659969553,1.91673020928068,0.449083991826849,2.20867729909949,0.245092709146494,0.20332711890956,0,1,6.40165060241224,1,2.39732646699989,0.243839495231345,0.243839495231345,0.0138888888888889,0.666437448378717,316605.788152771,179571.513368958,119.597988194764,72,187999.449615973,179571.513368958,64.6106831762405,72,19047858.9578951,179571.513368958,7687.55002448881,72,101004.507835623,179571.513368958,36.9795807907107,72,60,4,0,85,"SON",TRUE
0.6,"26",72,2511.5,85,180,153,32.689987260722,65.4732404846778,0.459843160167761,2.17660949360999,0.457584692953429,2.21964119079954,0.21126580652972,0.206152550624005,0,1,6.33383540994988,1,2.37193064866307,0.152310411479926,0.209077113827852,0.0694444444444444,0.669765066279589,320874.051168802,179583.99154292,119.597988194764,72,194451.972979076,179583.99154292,64.6106831762405,72,19022754.1756558,179583.99154292,7687.55002448881,72,102875.739966976,179583.99154292,36.9795807907107,72,60,4,0,85,"SON",TRUE
0.8,"26",72,2511.5,83.8888888888889,180,151,31.0548739994301,60.6464062574028,0.48333938729929,2.1968141847541,0.481263064901076,2.23618096996531,0.220018329567274,0.215216510365233,0,1,6.49341191319598,1,2.4316897636949,0.0813151016109525,0.219408376961893,0.0972222222222222,0.676010187830446,316355.366042032,179571.541257925,119.597988194764,72,199415.283787225,179571.541257925,64.6106831762405,72,19005687.6181364,179571.541257925,7687.55002448881,72,103822.257467099,179571.541257925,36.9795807907107,72,60,4,0,83.9,"SON",TRUE
1,"26",72,2511.5,83.3333333333333,180,150,30.9675957781467,58.4625955798363,0.51292776622102,2.2152536273715,0.509401456413662,2.24935837759595,0.231543584844338,0.22646522736768,0,1,6.68933270663168,1,2.50505929488457,0.0434055429813599,0.232375542946547,0.111111111111111,0.676760021681484,309853.845630229,179578.022486249,119.597988194764,72,200040.985092127,179578.022486249,64.6106831762405,72,18997863.21453,179578.022486249,7687.55002448881,72,104178.86971633,179578.022486249,36.9795807907107,72,60,4,0,83.3,"SON",TRUE
0,"30",212,337.4,70.6959706959707,546,386,76.6247423061143,136.272518274868,0.987503489886757,1.02928292236838,0.508150342839009,1.03162345237773,0.959409185197116,0.492573469193437,0,1,4.32106528535422,0,1.2711238124455,1,1,0,0.584897523318731,1023866.97622637,70715.3700637689,3069.78515245307,212,204078.031595171,70715.3700637689,607.484546053945,212,6682665.8691256,70715.3700637689,20039.9730412951,212,149201.886939096,70715.3700637689,447.076468418054,212,60,21,0.8,72.5,"VER",TRUE
0.15,"30",212,337.4,72.5274725274725,546,396,65.2416216806271,117.514893554953,0.699971365301324,1.32828387183747,0.584615738219487,1.59402016020993,0.526974226023706,0.366755548526119,0,1,3.64349088341827,0,1.07180237198415,0.532584069319826,0.532584069319826,0,0.598452506153136,955739.677242087,70929.3797887852,3069.78515245307,212,202237.630104648,70929.3797887852,607.484546053945,212,6713578.00980396,70929.3797887852,20039.9730412951,212,145533.06738086,70929.3797887852,447.076468418054,212,60,15,0.1,74.7,"VER",TRUE
0.3,"30",212,337.4,73.0769230769231,546,399,53.5732295588876,98.4321531614282,0.482737062788181,1.72052454650531,0.298239420414433,2.25368726124341,0.280575516210277,0.132333986859334,0,1,3.02769290813382,0,0.89065364630004,0.283642330158365,0.283642330158365,0.0235849056603774,0.623276677612565,914300.06311745,71020.573508393,3069.78515245307,212,202313.278174745,71020.573508393,607.484546053945,212,6729991.65000717,71020.573508393,20039.9730412951,212,141981.549918433,71020.573508393,447.076468418054,212,60,19,0.1,75.1,"VER",TRUE
0.45,"30",212,337.4,76.007326007326,546,415,46.4682131984101,81.7590627231677,0.457387991877165,2.0965844540479,0.283678679588064,2.26099004675886,0.218158629858234,0.125466576022623,0,1,2.94487315095474,0,0.866290634278883,0.151059698681585,0.212489498558473,0.0377358490566038,0.628529306954165,881471.778697982,70911.9223017938,3069.78515245307,212,203637.538800889,70911.9223017938,607.484546053945,212,6722368.2052757,70911.9223017938,20039.9730412951,212,139641.948278378,70911.9223017938,447.076468418054,212,60,17,0,77.3,"VER",TRUE
0.6,"30",212,337.4,76.007326007326,546,415,42.833080549628,73.5873969152172,0.465807369884093,2.21745127172592,0.286295463417436,2.27199739893407,0.210064309337241,0.126010471469621,0,1,2.96592089263686,0,0.8724822291481,0.0804490418652684,0.210414049838313,0.0943396226415094,0.631769787820068,854640.467441247,70629.0807268744,3069.78515245307,212,205424.495760873,70629.0807268744,607.484546053945,212,6697529.24770084,70629.0807268744,20039.9730412951,212,138064.386047381,70629.0807268744,447.076468418054,212,60,14,0.1,78,"VER",TRUE
0.8,"30",212,337.4,76.3736263736264,546,417,41.8475898345926,71.2085934729133,0.492899270251637,2.25333738053184,0.283894539734063,2.2793527724919,0.218741886816479,0.124550505371617,0,1,3.05146916685857,0,0.897647886525554,0.0347276686274639,0.222824729818697,0.113207547169811,0.626979594000665,865421.511596807,70652.9953039102,3069.78515245307,212,206073.133415684,70652.9953039102,607.484546053945,212,6699430.18989606,70652.9953039102,20039.9730412951,212,137825.835369876,70652.9953039102,447.076468418054,212,60,16,0,78,"VER",TRUE
1,"30",212,337.4,76.3736263736264,546,417,42.4972464082367,73.2972616916462,0.529894908968964,2.27692264092244,0.320919202904183,2.29476168610008,0.232724159989155,0.13984859728488,0,1,3.16288240895444,0,0.930422217783593,0.0149906660427432,0.238245996061346,0.14622641509434,0.623736464892793,869556.019730536,70606.9256651404,3069.78515245307,212,206386.261176665,70606.9256651404,607.484546053945,212,6694914.91779632,70606.9256651404,20039.9730412951,212,137804.524912798,70606.9256651404,447.076468418054,212,60,18,0,78.6,"VER",TRUE
